File Path,File Name (WAV),Mean MFCC Coefficients,Spectral Contrast,Sample Rate,Duration (seconds),Class Label
/kaggle/working/output_dataset/Cloned Voices/Male/5.5.2.0.wav,5.5.2.0.wav,"[-456.8594970703125, 82.82675170898438, 12.638486862182617, -17.02461051940918, -5.4033708572387695, 4.779243469238281, 3.130568504333496, 5.691627025604248, 8.602100372314453, -1.3649728298187256, -13.899880409240723, -11.985074043273926, -2.16611909866333, -0.2257111519575119, -5.496459484100342, -9.121685981750488, -9.846637725830078, -8.564361572265625, -3.798862934112549, 0.5641046166419983]",1564.5400824100313,441000,18.0,Cloned Voices
/kaggle/working/output_dataset/Cloned Voices/Male/3.4.0.0.wav,3.4.0.0.wav,"[-402.7886962890625, 87.87488555908203, 6.931328773498535, -25.5349063873291, -7.051645278930664, 8.725768089294434, 3.2418415546417236, -1.4506069421768188, 1.836485505104065, -0.11704917997121811, -7.352072238922119, -8.588068962097168, -5.1677703857421875, -5.6365885734558105, -8.25699234008789, -7.3902716636657715, -4.984004020690918, -4.003140926361084, -2.6768410205841064, -1.421002745628357]",1858.735321128712,441000,18.0,Cloned Voices
/kaggle/working/output_dataset/Cloned Voices/Male/4.5.0.0.wav,4.5.0.0.wav,"[-442.4601745605469, 75.09990692138672, 3.184563398361206, -23.436681747436523, -7.420452117919922, 3.2274434566497803, -0.4719711244106293, 1.7093020677566528, 6.1579389572143555, -1.3884494304656982, -9.766447067260742, -3.7494895458221436, 4.677626132965088, -0.5166318416595459, -10.464458465576172, -10.806601524353027, -5.773345470428467, -4.10762357711792, -3.1769967079162598, -0.287195086479187]",2441.959354311471,441000,18.0,Cloned Voices
/kaggle/working/output_dataset/Cloned Voices/Male/5.6.2.0.wav,5.6.2.0.wav,"[-454.55682373046875, 84.41121673583984, 16.93483543395996, -14.876104354858398, -7.827005386352539, 1.0796170234680176, 1.690010905265808, 6.178357124328613, 9.234221458435059, -1.1969337463378906, -14.393902778625488, -13.29244613647461, -3.344942808151245, -0.012826657854020596, -4.2024407386779785, -8.096598625183105, -9.534164428710938, -8.51994800567627, -3.8429880142211914, 0.51528000831604]",1375.1960808149736,441000,18.0,Cloned Voices
/kaggle/working/output_dataset/Cloned Voices/Male/3.2.2.0.wav,3.2.2.0.wav,"[-428.5302734375, 75.56414031982422, 7.84187126159668, -19.050445556640625, -4.089024543762207, 8.123862266540527, 3.7365100383758545, 0.6548601388931274, 2.54113507270813, -1.258504033088684, -7.876120090484619, -7.510377883911133, -3.7525341510772705, -4.524432182312012, -6.973940372467041, -6.2358927726745605, -4.890829563140869, -4.805507183074951, -3.3133761882781982, -1.4788539409637451]",2129.0408464058164,441000,18.0,Cloned Voices
/kaggle/working/output_dataset/Cloned Voices/Male/2.0.7 d.h noise sample.wav,2.0.7 d.h noise sample.wav,"[-381.0378112792969, 90.2220687866211, -21.041017532348633, -35.010498046875, 13.86296272277832, 22.971559524536133, -2.531994104385376, -5.164701461791992, 5.610625267028809, -3.3674938678741455, -14.298102378845215, -4.38391637802124, 4.444009780883789, -6.615137577056885, -16.02821159362793, -7.454844951629639, 0.40998297929763794, -5.3872551918029785, -8.767322540283203, -1.1614251136779785]",2694.8125800742578,441000,18.0,Cloned Voices
/kaggle/working/output_dataset/Cloned Voices/Male/4.5.2.0.wav,4.5.2.0.wav,"[-437.029541015625, 79.6509780883789, 2.6311230659484863, -27.700035095214844, -11.073902130126953, 3.5561716556549072, 3.147956609725952, 4.6437764167785645, 5.239289283752441, -5.368463516235352, -13.138527870178223, -3.767233371734619, 7.4789137840271, 2.2786967754364014, -10.00637149810791, -12.570441246032715, -7.667856693267822, -4.478425025939941, -2.5320799350738525, -0.20658686757087708]",2491.196853530658,441000,18.0,Cloned Voices
/kaggle/working/output_dataset/Cloned Voices/Male/5.5.0.0.wav,5.5.0.0.wav,"[-479.7261962890625, 82.50027465820312, 15.181632995605469, -14.371809005737305, -5.23930025100708, 3.089163064956665, 1.7830079793930054, 5.7819342613220215, 10.079263687133789, 1.0392637252807617, -11.740928649902344, -11.48200798034668, -3.2141597270965576, -1.1363050937652588, -5.283271789550781, -8.594392776489258, -10.018229484558105, -9.300395965576172, -4.436137676239014, 0.40754464268684387]",1465.8660690612169,441000,18.0,Cloned Voices
/kaggle/working/output_dataset/Cloned Voices/Male/4.4.2.0.wav,4.4.2.0.wav,"[-442.6316833496094, 81.85224914550781, 2.1356711387634277, -29.830821990966797, -12.55107593536377, 3.9576022624969482, 4.838125228881836, 6.432406425476074, 6.407662868499756, -5.185770511627197, -14.023100852966309, -5.122674465179443, 6.505735874176025, 1.7620362043380737, -10.541154861450195, -12.929425239562988, -7.151991844177246, -3.330841302871704, -1.9826291799545288, -0.8108713030815125]",2381.75983028929,441000,18.0,Cloned Voices
/kaggle/working/output_dataset/Cloned Voices/Male/3.3.0.0.wav,3.3.0.0.wav,"[-399.2152404785156, 90.41600799560547, 5.113138198852539, -27.724454879760742, -7.365392208099365, 8.9105224609375, 3.9716269969940186, 1.6467630863189697, 6.093532085418701, 1.751194953918457, -8.179147720336914, -9.312731742858887, -5.1975531578063965, -6.960517406463623, -10.848464965820312, -8.626676559448242, -3.83939790725708, -2.4999449253082275, -2.8787124156951904, -3.189800262451172]",1822.3936145052755,441000,18.0,Cloned Voices
/kaggle/working/output_dataset/Cloned Voices/Male/4.6.0.0.wav,4.6.0.0.wav,"[-426.6493835449219, 77.26387023925781, 1.807486891746521, -26.21651268005371, -8.08467960357666, 6.0008697509765625, 3.8975634574890137, 4.62440824508667, 5.804020404815674, -4.565303802490234, -13.570098876953125, -5.705975532531738, 5.519989490509033, 1.6986535787582397, -9.32546615600586, -11.636128425598145, -7.175127029418945, -4.589954376220703, -3.1731975078582764, -1.058803915977478]",2466.4113091711483,441000,18.0,Cloned Voices
/kaggle/working/output_dataset/Cloned Voices/Male/5.3.2.0.wav,5.3.2.0.wav,"[-459.8847961425781, 84.40501403808594, 16.783445358276367, -14.625741004943848, -7.611931324005127, -0.35783708095550537, -2.06150484085083, 2.115652084350586, 7.953213691711426, 1.1268949508666992, -10.847795486450195, -11.450394630432129, -3.8733315467834473, -1.5372469425201416, -5.3619279861450195, -8.47665023803711, -9.17611026763916, -7.664419651031494, -3.094757318496704, 0.6610105633735657]",1483.8215261525734,441000,18.0,Cloned Voices
/kaggle/working/output_dataset/Cloned Voices/Male/5.0.0.0.wav,5.0.0.0.wav,"[-451.8016052246094, 94.39746856689453, 10.743293762207031, -22.9736270904541, -7.807147979736328, 3.95712947845459, 2.021106243133545, 7.061283588409424, 12.29000473022461, -0.31164589524269104, -17.208559036254883, -15.869184494018555, -3.862041473388672, -0.5249903202056885, -5.027799606323242, -7.587904930114746, -8.38374137878418, -8.66573429107666, -4.872504234313965, -0.21233999729156494]",1471.959648892372,441000,18.0,Cloned Voices
/kaggle/working/output_dataset/Cloned Voices/Male/5.6.0.0.wav,5.6.0.0.wav,"[-458.39544677734375, 95.19230651855469, 11.783296585083008, -22.80861473083496, -8.296656608581543, 3.52250075340271, 0.543506920337677, 3.4865403175354004, 8.828967094421387, -0.3786761462688446, -14.26198959350586, -13.266216278076172, -3.328868865966797, -1.1679848432540894, -5.9584879875183105, -8.66620922088623, -9.097190856933594, -8.596343994140625, -4.541725158691406, 0.11185851693153381]",1594.6364579395515,441000,18.0,Cloned Voices
/kaggle/working/output_dataset/Cloned Voices/Male/3.3.2.0.wav,3.3.2.0.wav,"[-434.3648376464844, 72.26048278808594, 6.837636947631836, -19.50628662109375, -5.321784019470215, 6.617279052734375, 2.4958035945892334, -0.5495195388793945, 1.7489007711410522, -0.5514634847640991, -5.6732025146484375, -5.2799272537231445, -2.680854082107544, -4.538132190704346, -7.453943729400635, -6.625300884246826, -4.7418904304504395, -4.139995574951172, -2.7223236560821533, -1.223907709121704]",2347.1532420175863,441000,18.0,Cloned Voices
/kaggle/working/output_dataset/Cloned Voices/Male/4.6.2.0.wav,4.6.2.0.wav,"[-424.8521728515625, 77.91212463378906, 2.8413760662078857, -26.49808120727539, -10.287495613098145, 3.2733306884765625, 1.9690866470336914, 3.464874029159546, 5.224663734436035, -4.063838005065918, -11.90532112121582, -4.056262016296387, 5.812751770019531, 0.5729753971099854, -10.766280174255371, -12.31046199798584, -6.753195285797119, -3.3593311309814453, -1.656583547592163, 0.19304443895816803]",2437.4742235962703,441000,18.0,Cloned Voices
/kaggle/working/output_dataset/Cloned Voices/Male/5.1.2.0.wav,5.1.2.0.wav,"[-476.5372314453125, 77.26057434082031, 18.3697566986084, -12.044820785522461, -8.500167846679688, -0.6070884466171265, 0.9565322399139404, 4.705692768096924, 7.525959491729736, -0.017272192984819412, -11.030920028686523, -12.01353645324707, -4.916107177734375, -1.0580575466156006, -3.3273284435272217, -7.143949508666992, -9.295953750610352, -7.976463317871094, -3.069054365158081, 0.5101697444915771]",1559.6137278752476,441000,18.0,Cloned Voices
/kaggle/working/output_dataset/Cloned Voices/Male/5.3.0.0.wav,5.3.0.0.wav,"[-444.6639709472656, 89.23696899414062, 12.76865005493164, -18.660049438476562, -5.857831001281738, 3.739022970199585, 0.890736997127533, 4.962192058563232, 10.403185844421387, 0.4516790509223938, -13.891707420349121, -12.958928108215332, -3.2876434326171875, -1.7474644184112549, -7.025146961212158, -9.515555381774902, -8.971965789794922, -7.491955757141113, -3.4826009273529053, -0.04213283956050873]",1486.720848817472,441000,18.0,Cloned Voices
/kaggle/working/output_dataset/Cloned Voices/Male/5.2.2.0.wav,5.2.2.0.wav,"[-458.75836181640625, 90.02191162109375, 14.161316871643066, -18.69748878479004, -7.439328193664551, 2.987905740737915, 2.0015227794647217, 6.021892547607422, 9.538410186767578, -1.818095088005066, -15.895845413208008, -13.62844181060791, -2.2339234352111816, 0.7394863367080688, -4.566186904907227, -8.968724250793457, -10.739934921264648, -9.942113876342773, -4.641315460205078, 0.5327498912811279]",1470.3389459080372,441000,18.0,Cloned Voices
/kaggle/working/output_dataset/Cloned Voices/Male/5.1.0.0.wav,5.1.0.0.wav,"[-466.6859436035156, 84.91757202148438, 15.35128402709961, -15.475815773010254, -6.073670387268066, 3.182870626449585, 2.629006862640381, 6.784666538238525, 10.404959678649902, 0.2963438928127289, -12.961495399475098, -12.477560043334961, -4.181717872619629, -2.337156295776367, -5.844518661499023, -7.595251560211182, -8.340311050415039, -8.802314758300781, -5.473471641540527, -0.8364039659500122]",1483.6066269301084,441000,18.0,Cloned Voices
/kaggle/working/output_dataset/Cloned Voices/Male/1.1.6 b.g noise sample.wav,1.1.6 b.g noise sample.wav,"[-432.8782958984375, 104.47907257080078, -8.258990287780762, -31.950403213500977, 1.718678593635559, 8.23366928100586, -2.1062395572662354, 5.605445861816406, 10.021382331848145, -4.724295139312744, -13.859140396118164, -7.704037189483643, -3.20975923538208, -4.653252601623535, -5.809898853302002, -8.442601203918457, -11.336636543273926, -8.382487297058105, -2.962630271911621, -1.6413284540176392]",1904.1918549247132,441000,18.0,Cloned Voices
/kaggle/working/output_dataset/Cloned Voices/Male/5.2.0.0.wav,5.2.0.0.wav,"[-452.6890563964844, 86.46844482421875, 12.366094589233398, -18.586400985717773, -5.935822486877441, 4.762950420379639, 2.7356386184692383, 5.487475872039795, 8.989387512207031, -1.2274633646011353, -14.52746868133545, -12.724822998046875, -2.5386953353881836, -0.5589311718940735, -5.8462300300598145, -8.966850280761719, -9.161445617675781, -8.054978370666504, -3.8738720417022705, 0.22109323740005493]",1452.569222078611,441000,18.0,Cloned Voices
/kaggle/working/output_dataset/Cloned Voices/Female/2.6.0.wav,2.6.0.wav,"[-436.9549560546875, 70.9210433959961, 5.090995788574219, -14.276673316955566, 5.634594440460205, 13.776838302612305, 2.872546434402466, -1.4412245750427246, 1.6511635780334473, -2.6641204357147217, -8.131875038146973, -3.450648307800293, 1.0277605056762695, -5.655511379241943, -12.55489444732666, -8.494513511657715, -1.9009149074554443, -2.3035407066345215, -4.5846123695373535, -3.2689578533172607]",2017.0480861913595,441000,18.0,Cloned Voices
/kaggle/working/output_dataset/Cloned Voices/Female/2.0.4 d.h noise sample.wav,2.0.4 d.h noise sample.wav,"[-391.60089111328125, 94.40839385986328, 4.988529205322266, -27.39409637451172, -6.560389041900635, 8.877238273620605, 4.737741470336914, 1.0875697135925293, 0.16441397368907928, -5.186585426330566, -9.023904800415039, -6.241551399230957, -3.5516600608825684, -5.738102436065674, -8.561659812927246, -8.09211254119873, -5.93129301071167, -4.46120548248291, -3.278322219848633, -1.98225998878479]",1816.1147404076303,441000,18.0,Cloned Voices
/kaggle/working/output_dataset/Cloned Voices/Female/3.3.2.wav,3.3.2.wav,"[-436.4014587402344, 73.43086242675781, 7.802438259124756, -20.57744789123535, -10.056985855102539, 0.35051119327545166, -0.5068659782409668, 0.46400362253189087, 1.8388981819152832, -4.116087436676025, -8.688131332397461, -3.707817792892456, 0.5776370167732239, -4.1557512283325195, -8.692233085632324, -5.6030592918396, -1.9259889125823975, -2.8985366821289062, -3.5122907161712646, -1.5607224702835083]",2472.585698299527,441000,18.0,Cloned Voices
/kaggle/working/output_dataset/Cloned Voices/Female/1.1.3 b.g noise sample.wav,1.1.3 b.g noise sample.wav,"[-332.644287109375, 130.33839416503906, -54.09011459350586, -67.88899993896484, 4.019015789031982, 9.63354778289795, -9.332215309143066, 6.372647762298584, 9.363587379455566, -11.064531326293945, -9.490870475769043, 1.732643961906433, -6.986523628234863, -11.587992668151855, -1.920417308807373, -4.675049781799316, -13.274086952209473, -5.2730937004089355, 2.812774658203125, -2.8144776821136475]",3020.3100925666367,441000,18.0,Cloned Voices
/kaggle/working/output_dataset/Cloned Voices/Female/2.2.2.wav,2.2.2.wav,"[-420.9354248046875, 77.76980590820312, 1.0797357559204102, -22.777881622314453, 1.2976832389831543, 15.166241645812988, 5.704593181610107, -0.6441295146942139, 0.24632889032363892, -4.935214519500732, -9.89012336730957, -3.834911346435547, 1.6047797203063965, -5.307859897613525, -12.599397659301758, -8.063827514648438, -1.1167936325073242, -2.3915598392486572, -5.539282321929932, -3.4311904907226562]",2139.152374203171,441000,18.0,Cloned Voices
/kaggle/working/output_dataset/Cloned Voices/Female/1.1.2.wav,1.1.2.wav,"[-442.8568115234375, 70.78829193115234, 13.608516693115234, -13.023832321166992, -4.560099124908447, 6.701833724975586, 6.696965217590332, 3.1057820320129395, -1.4421757459640503, -7.489277362823486, -7.849402904510498, -0.9399318099021912, 1.5756148099899292, -5.42936897277832, -11.113031387329102, -8.277070999145508, -3.8575327396392822, -3.535431385040283, -3.555802345275879, -2.029106616973877]",1872.7009739636721,441000,18.0,Cloned Voices
/kaggle/working/output_dataset/Cloned Voices/Female/2.3.2.wav,2.3.2.wav,"[-416.29986572265625, 76.39064025878906, 5.04929780960083, -19.459156036376953, 0.31816914677619934, 12.547036170959473, 4.1609697341918945, -1.459890604019165, 0.03781460225582123, -3.9574570655822754, -8.979459762573242, -4.476428508758545, 0.5968107581138611, -5.111433982849121, -12.129310607910156, -8.300614356994629, -0.7736104130744934, -0.7848602533340454, -4.526579856872559, -4.17409086227417]",1992.8788912441557,441000,18.0,Cloned Voices
/kaggle/working/output_dataset/Cloned Voices/Female/1.0.0.wav,1.0.0.wav,"[-419.9951477050781, 74.61198425292969, 9.002734184265137, -16.499835968017578, -1.604644775390625, 10.515098571777344, 6.544297218322754, 1.8864988088607788, -0.5630183815956116, -6.380795001983643, -8.498597145080566, -2.0911660194396973, 1.077285885810852, -5.7845048904418945, -11.226059913635254, -7.69079065322876, -3.7095553874969482, -4.898262023925781, -5.1223859786987305, -2.1756997108459473]",1966.6709219360546,441000,18.0,Cloned Voices
/kaggle/working/output_dataset/Cloned Voices/Female/2.0.1 d.h noise sample.wav,2.0.1 d.h noise sample.wav,"[-404.26239013671875, 82.26564025878906, 4.943238258361816, -19.22218132019043, 1.3598792552947998, 12.436347007751465, 6.0855326652526855, 2.433608293533325, -0.2557414770126343, -8.120509147644043, -9.975409507751465, -2.0454602241516113, 1.3123042583465576, -5.498753547668457, -10.991830825805664, -9.092562675476074, -6.217970371246338, -5.681182384490967, -3.896620035171509, -1.4529674053192139]",1906.0631724162508,441000,18.0,Cloned Voices
/kaggle/working/output_dataset/Cloned Voices/Female/2.7.0.wav,2.7.0.wav,"[-402.0732421875, 77.36406707763672, -2.7656185626983643, -26.423931121826172, 0.11859244108200073, 14.407259941101074, 3.587503671646118, -2.1274898052215576, 1.711390733718872, -1.8917022943496704, -8.260104179382324, -4.097921848297119, 1.1422826051712036, -5.234665393829346, -12.682638168334961, -8.409137725830078, -0.8124523162841797, -1.1546226739883423, -4.390692234039307, -3.3609960079193115]",2318.9909807979084,441000,18.0,Cloned Voices
/kaggle/working/output_dataset/Cloned Voices/Female/2.0.0.wav,2.0.0.wav,"[-415.5628967285156, 83.39659118652344, 5.233489990234375, -23.031295776367188, -2.9429893493652344, 10.714275360107422, 3.2643494606018066, -1.7980495691299438, -0.1693604290485382, -4.032340049743652, -7.973383903503418, -2.2303285598754883, 2.1784443855285645, -5.848021030426025, -14.201810836791992, -9.707091331481934, -1.135530710220337, -0.8533169627189636, -4.458082675933838, -3.7513668537139893]",1860.9445498732434,441000,18.0,Cloned Voices
/kaggle/working/output_dataset/Cloned Voices/Female/2.4.0.wav,2.4.0.wav,"[-407.0530090332031, 75.2217788696289, -3.0600528717041016, -24.194759368896484, 2.7631170749664307, 14.94139289855957, 2.7398781776428223, -1.9870567321777344, 2.8594493865966797, -1.3452345132827759, -8.374110221862793, -3.999659776687622, 1.0256705284118652, -6.154066562652588, -13.420211791992188, -8.149554252624512, -0.6168445944786072, -1.9674690961837769, -5.236622333526611, -3.1938982009887695]",2459.4615259085385,441000,18.0,Cloned Voices
/kaggle/working/output_dataset/Cloned Voices/Female/3.4.0.wav,3.4.0.wav,"[-412.5617980957031, 81.7782974243164, 3.8130898475646973, -26.56192398071289, -10.098724365234375, 3.6082592010498047, 2.5173087120056152, 4.01193380355835, 5.116138458251953, -4.0922532081604, -11.079499244689941, -5.0868706703186035, 0.05638239160180092, -5.860854148864746, -10.269569396972656, -4.953780174255371, -0.7683668732643127, -3.601792335510254, -4.926127910614014, -2.1430723667144775]",2334.4865929762573,441000,18.0,Cloned Voices
/kaggle/working/output_dataset/Cloned Voices/Female/2.1.2.wav,2.1.2.wav,"[-418.0486755371094, 83.94486999511719, 3.6284916400909424, -23.353830337524414, -0.8215738534927368, 12.937092781066895, 4.357837677001953, -1.060971736907959, -0.19831855595111847, -5.899725914001465, -10.418323516845703, -3.0977141857147217, 2.613699197769165, -5.516504764556885, -13.742144584655762, -8.744758605957031, -1.1479301452636719, -2.707446575164795, -6.106004238128662, -3.0760066509246826]",1990.326476710993,441000,18.0,Cloned Voices
/kaggle/working/output_dataset/Cloned Voices/Female/2.6.2.wav,2.6.2.wav,"[-423.8905944824219, 79.76968383789062, 1.1953734159469604, -23.525423049926758, 0.33427658677101135, 13.611990928649902, 3.9863874912261963, -0.9593261480331421, 1.6798611879348755, -3.556828022003174, -9.977825164794922, -4.4729204177856445, 1.7783284187316895, -4.8415422439575195, -13.005423545837402, -8.783564567565918, -0.7409443855285645, -1.1945972442626953, -5.0763163566589355, -3.9371392726898193]",2095.749378379241,441000,18.0,Cloned Voices
/kaggle/working/output_dataset/Cloned Voices/Female/3.2.2.wav,3.2.2.wav,"[-428.87060546875, 81.78782653808594, 5.060118675231934, -26.70414161682129, -11.487652778625488, 3.225571393966675, 2.2524983882904053, 1.0856915712356567, 0.5564945340156555, -6.424870014190674, -10.250982284545898, -3.273562431335449, 1.6803780794143677, -4.387105941772461, -9.80262565612793, -5.980716705322266, -1.8049290180206299, -3.4399726390838623, -4.348390579223633, -1.6798875331878662]",2256.9435749188287,441000,18.0,Cloned Voices
/kaggle/working/output_dataset/Cloned Voices/Female/1.7.0.wav,1.7.0.wav,"[-433.61572265625, 72.2283935546875, 10.967033386230469, -15.055481910705566, -3.4265706539154053, 8.406071662902832, 6.855841636657715, 2.9672327041625977, -0.9076594114303589, -7.338446617126465, -8.470507621765137, -1.2748405933380127, 1.8278636932373047, -5.247282028198242, -11.009510040283203, -8.024581909179688, -4.083730220794678, -4.581498146057129, -4.4730448722839355, -2.092273235321045]",1852.9555838052802,441000,18.0,Cloned Voices
/kaggle/working/output_dataset/Cloned Voices/Female/2.5.2.wav,2.5.2.wav,"[-423.12744140625, 76.98297119140625, 1.3938870429992676, -21.520906448364258, 1.999536395072937, 13.739984512329102, 2.6612136363983154, -2.7195374965667725, 1.0223312377929688, -2.239079236984253, -7.719149112701416, -3.363009214401245, 1.0583785772323608, -6.035579204559326, -13.43211841583252, -8.79970645904541, -1.0011783838272095, -1.2524484395980835, -4.388416767120361, -3.19046688079834]",2157.717033273566,441000,18.0,Cloned Voices
/kaggle/working/output_dataset/Cloned Voices/Female/2.2.0.wav,2.2.0.wav,"[-426.5335998535156, 76.94356536865234, 0.04809217527508736, -22.159971237182617, 3.167834520339966, 15.85169506072998, 4.964637756347656, -0.3245447874069214, 2.415038824081421, -3.4534318447113037, -11.030319213867188, -6.181115627288818, 0.40121814608573914, -5.00629997253418, -11.767451286315918, -7.26742696762085, -0.490584135055542, -2.1066489219665527, -5.567955017089844, -3.638308525085449]",2027.4084834813864,441000,18.0,Cloned Voices
/kaggle/working/output_dataset/Cloned Voices/Female/2.3.0.wav,2.3.0.wav,"[-417.7898254394531, 74.9622802734375, 0.7742599844932556, -20.73219871520996, 2.934185743331909, 13.287842750549316, 0.9118306636810303, -3.884463310241699, 1.7008100748062134, -0.8729298710823059, -7.560088634490967, -4.3182454109191895, 0.6681004166603088, -5.2589521408081055, -12.547981262207031, -8.525116920471191, -0.7819338440895081, -0.6239513754844666, -3.8665478229522705, -3.3195154666900635]",2179.3928502876543,441000,18.0,Cloned Voices
/kaggle/working/output_dataset/Cloned Voices/Female/2.4.2.wav,2.4.2.wav,"[-422.2911071777344, 86.35772705078125, -0.9339017868041992, -27.997238159179688, -0.6235679984092712, 15.20499038696289, 5.218923568725586, -0.5226576328277588, 1.499880313873291, -4.69365930557251, -11.19062614440918, -4.484870910644531, 2.2109763622283936, -5.318953037261963, -13.666075706481934, -8.494074821472168, -0.5588186383247375, -2.3597445487976074, -6.298845291137695, -3.5161240100860596]",2105.6051778190003,441000,18.0,Cloned Voices
/kaggle/working/output_dataset/Cloned Voices/Female/1.1.2 b.g noise sample.wav,1.1.2 b.g noise sample.wav,"[-354.4342041015625, 126.19786071777344, -13.794299125671387, -59.4074592590332, -18.807344436645508, 9.407562255859375, 3.9760589599609375, 1.9908138513565063, 2.830512762069702, -9.292719841003418, -15.381083488464355, -2.508681535720825, 4.596823692321777, -7.271226406097412, -15.571432113647461, -8.20656681060791, -1.788368821144104, -4.456430912017822, -5.053145408630371, -0.7172145843505859]",1976.7756212890822,441000,18.0,Cloned Voices
/kaggle/working/output_dataset/Cloned Voices/Female/3.3.0.wav,3.3.0.wav,"[-424.0992126464844, 86.89701080322266, 3.401956081390381, -29.797849655151367, -11.991314888000488, 3.9357409477233887, 2.752650499343872, 2.3533623218536377, 2.239091634750366, -6.520963191986084, -12.266863822937012, -5.097697734832764, 0.904872715473175, -4.87207555770874, -10.145333290100098, -5.955416679382324, -2.0209784507751465, -4.149524211883545, -4.562835693359375, -0.9998858571052551]",2261.4225917840404,441000,18.0,Cloned Voices
/kaggle/working/output_dataset/Cloned Voices/Female/2.5.0.wav,2.5.0.wav,"[-421.6373291015625, 80.48624420166016, -3.3107187747955322, -25.585268020629883, 3.2373268604278564, 15.25769329071045, 0.9387096762657166, -4.44425630569458, 1.5971577167510986, -1.5645331144332886, -8.100245475769043, -3.219738245010376, 1.7061724662780762, -6.575121879577637, -14.663631439208984, -8.838078498840332, -0.10323400795459747, -0.9172163009643555, -4.623510360717773, -3.3654983043670654]",2335.5234403660497,441000,18.0,Cloned Voices
/kaggle/working/output_dataset/Generated Voices by ai voices/MALE/1.0.0.0.0.wav,1.0.0.0.0.wav,"[-478.315673828125, 73.0730972290039, 8.4871826171875, -17.71521759033203, -2.9504432678222656, 9.825928688049316, 5.010297775268555, 0.617119312286377, 3.405217170715332, 2.1759750843048096, -4.242940425872803, -5.932365417480469, -2.8948090076446533, -3.4849796295166016, -7.491821765899658, -7.934646129608154, -4.435811996459961, -2.5019848346710205, -3.8170180320739746, -5.338764667510986]",1586.2868311863056,441000,18.0,Generated Voices by ai voices
/kaggle/working/output_dataset/Generated Voices by ai voices/MALE/1.6.2.0.0.wav,1.6.2.0.0.wav,"[-476.7286682128906, 72.43810272216797, 8.689406394958496, -16.603445053100586, -1.5687285661697388, 10.460665702819824, 4.456565856933594, -0.4844458997249603, 2.7289278507232666, 2.171964168548584, -3.9699456691741943, -5.58910608291626, -2.4302122592926025, -3.188291072845459, -7.826748371124268, -8.686930656433105, -4.788684368133545, -2.1519935131073, -3.3428890705108643, -5.282951354980469]",1551.5399768988646,441000,18.0,Generated Voices by ai voices
/kaggle/working/output_dataset/Generated Voices by ai voices/MALE/1.6.0.0.0.wav,1.6.0.0.0.wav,"[-447.6584777832031, 81.19888305664062, 2.944401502609253, -22.042766571044922, 2.534447193145752, 15.989091873168945, 3.778064250946045, -2.1200356483459473, 5.5153093338012695, 4.037074089050293, -8.405755043029785, -11.05496597290039, -1.6283049583435059, 1.799275279045105, -5.533674716949463, -10.77709674835205, -8.245043754577637, -4.848896503448486, -4.495855331420898, -4.290424823760986]",1441.40037293791,441000,18.0,Generated Voices by ai voices
/kaggle/working/output_dataset/Generated Voices by ai voices/MALE/1.1.0.0.0.wav,1.1.0.0.0.wav,"[-477.71734619140625, 70.45526885986328, 10.124312400817871, -15.332295417785645, -2.644609212875366, 9.124846458435059, 4.950611591339111, 0.7117168307304382, 2.891672134399414, 1.7161498069763184, -3.9710326194763184, -5.381978511810303, -2.604825258255005, -3.3456809520721436, -7.4218621253967285, -8.11348819732666, -4.72379732131958, -2.5114026069641113, -3.528470993041992, -5.0650458335876465]",1532.5111110936189,441000,18.0,Generated Voices by ai voices
/kaggle/working/output_dataset/Generated Voices by ai voices/MALE/1.6.6.0.0.wav,1.6.6.0.0.wav,"[-479.47601318359375, 68.50428771972656, -14.416996955871582, -19.179058074951172, 9.275485038757324, 3.0404703617095947, -7.5795793533325195, 6.2057204246521, 9.382113456726074, -8.164247512817383, -12.499013900756836, -1.291930913925171, 0.9681220650672913, -3.987349033355713, -4.813747882843018, -6.331747055053711, -8.271957397460938, -3.4782021045684814, 1.2685376405715942, -1.6584469079971313]",3894.6352992000047,441000,18.0,Generated Voices by ai voices
/kaggle/working/output_dataset/Generated Voices by ai voices/MALE/1.6.8.0.0.wav,1.6.8.0.0.wav,"[-437.206298828125, 72.61872100830078, -23.231170654296875, -26.695201873779297, 14.5053129196167, 13.913656234741211, -4.969151020050049, -0.5961728692054749, 4.906584739685059, -2.25563645362854, -2.1519601345062256, 1.711782693862915, -5.470067501068115, -10.129995346069336, -3.337517738342285, -1.9186875820159912, -9.002098083496094, -9.293283462524414, -3.5521881580352783, -1.8382799625396729]",3714.2441397923517,441000,18.0,Generated Voices by ai voices
/kaggle/working/output_dataset/Generated Voices by ai voices/MALE/1.4.5.0.0.wav,1.4.5.0.0.wav,"[-470.781494140625, 87.17097473144531, -1.2343460321426392, -29.69007682800293, -1.6404792070388794, 15.126192092895508, 3.5263710021972656, -2.4707863330841064, 4.064226150512695, 0.2705724239349365, -11.231297492980957, -7.77953577041626, 5.2137603759765625, 3.1489670276641846, -11.412210464477539, -14.705323219299316, -4.658905506134033, -0.3929192125797272, -6.313231468200684, -8.741019248962402]",1918.9511255604118,441000,18.0,Generated Voices by ai voices
/kaggle/working/output_dataset/Generated Voices by ai voices/MALE/1.6.7.0.0.wav,1.6.7.0.0.wav,"[-471.4476318359375, 82.49179077148438, -14.480646133422852, -23.76927375793457, 8.261611938476562, 7.651521682739258, 0.3180014193058014, 9.606584548950195, 5.039090156555176, -11.223432540893555, -7.951943874359131, 3.5558576583862305, -1.1212656497955322, -10.39766788482666, -10.409996032714844, -8.028093338012695, -5.82074499130249, -2.138460159301758, -2.5867817401885986, -5.711479187011719]",2658.410021060899,441000,18.0,Generated Voices by ai voices
/kaggle/working/output_dataset/Generated Voices by ai voices/MALE/1.6.5.0.0.wav,1.6.5.0.0.wav,"[-534.0421752929688, 86.0680923461914, -29.81448745727539, -33.40428924560547, 14.495333671569824, 13.709776878356934, -2.4531843662261963, 7.613116264343262, 7.878953456878662, -10.131800651550293, -9.169655799865723, 4.520010471343994, 0.882881760597229, -9.195137977600098, -8.374855995178223, -6.848748683929443, -7.865858554840088, -3.3363001346588135, -0.4051657021045685, -4.936585903167725]",3278.3518712576342,441000,18.0,Generated Voices by ai voices
/kaggle/working/output_dataset/Generated Voices by ai voices/MALE/1.5.9.0.0.wav,1.5.9.0.0.wav,"[-448.5501708984375, 74.84989929199219, 6.719994068145752, -18.600114822387695, -0.08481519669294357, 13.942119598388672, 7.006875038146973, 0.2847994863986969, 1.6286956071853638, -0.9376142621040344, -7.068366527557373, -5.249138355255127, 1.2027530670166016, -0.8144500255584717, -9.572826385498047, -12.066140174865723, -6.248037338256836, -1.5583614110946655, -2.1416661739349365, -3.690551519393921]",1486.9147932678563,441000,18.0,Generated Voices by ai voices
/kaggle/working/output_dataset/Generated Voices by ai voices/MALE/1.1.7 b.g noise sample.wav,1.1.7 b.g noise sample.wav,"[-371.375732421875, 129.357421875, -45.29848098754883, -63.38282012939453, 4.730092525482178, 13.605363845825195, -7.2010884284973145, 3.8018810749053955, 8.823152542114258, -10.175640106201172, -11.521162986755371, 2.814577579498291, -0.7587904930114746, -11.297307968139648, -9.329151153564453, -7.569347381591797, -9.801135063171387, -4.599281311035156, 0.3355545401573181, -3.485431432723999]",2524.2108267243166,441000,18.0,Generated Voices by ai voices
/kaggle/working/output_dataset/Generated Voices by ai voices/MALE/1.7.1.0.0.wav,1.7.1.0.0.wav,"[-462.6995544433594, 83.1760025024414, -21.975177764892578, -29.508865356445312, 8.302738189697266, 5.318974018096924, -5.608233451843262, 11.289112091064453, 15.079557418823242, -6.8275885581970215, -12.842157363891602, 0.1812821924686432, 1.6997723579406738, -4.993804454803467, -4.899364471435547, -7.028886795043945, -12.619017601013184, -7.948361396789551, 1.0782746076583862, -0.011942293494939804]",2842.4172171415767,441000,18.0,Generated Voices by ai voices
/kaggle/working/output_dataset/Generated Voices by ai voices/MALE/2.0.6 d.h noise sample.wav,2.0.6 d.h noise sample.wav,"[-392.3319091796875, 88.9538803100586, -2.4451613426208496, -28.298831939697266, 2.431586265563965, 18.568378448486328, 6.263455390930176, -1.189204216003418, 2.1899685859680176, -0.7279351949691772, -7.448026657104492, -5.341092109680176, 0.2809249758720398, -2.4117813110351562, -9.907705307006836, -11.527488708496094, -6.903302192687988, -3.180028200149536, -3.0002548694610596, -3.846214532852173]",1477.000470570613,441000,18.0,Generated Voices by ai voices
/kaggle/working/output_dataset/Generated Voices by ai voices/MALE/1.6.4.0.0.wav,1.6.4.0.0.wav,"[-478.2425231933594, 72.65492248535156, 8.762541770935059, -16.709718704223633, -1.9606893062591553, 9.813005447387695, 3.974606513977051, -0.30678731203079224, 3.464325189590454, 2.720893621444702, -4.165268898010254, -6.220757007598877, -2.7310359477996826, -2.908360242843628, -7.501615524291992, -8.892898559570312, -5.381650447845459, -2.4407424926757812, -2.9488296508789062, -4.601004600524902]",1533.1480835459868,441000,18.0,Generated Voices by ai voices
/kaggle/working/output_dataset/Generated Voices by ai voices/MALE/1.4.4.0.0.wav,1.4.4.0.0.wav,"[-502.700439453125, 81.8577651977539, -4.959497451782227, -26.895143508911133, 4.995324611663818, 18.33281707763672, 2.1367757320404053, -4.57308292388916, 3.7939047813415527, 3.7219345569610596, -4.536955833435059, -6.063950538635254, -4.638330459594727, -7.956635475158691, -8.279603004455566, -2.8540844917297363, -3.2348668575286865, -9.497188568115234, -7.160225868225098, 2.5287301540374756]",2260.941164780755,441000,18.0,Generated Voices by ai voices
/kaggle/working/output_dataset/Generated Voices by ai voices/MALE/1.6.1.0.0.wav,1.6.1.0.0.wav,"[-476.7627258300781, 70.6283187866211, 7.971420764923096, -16.759000778198242, -1.6803678274154663, 10.422307968139648, 4.5435051918029785, -0.4537412226200104, 2.6876914501190186, 2.2343571186065674, -3.8625874519348145, -5.62092924118042, -2.4143807888031006, -2.772749185562134, -7.18256950378418, -8.392257690429688, -4.9573869705200195, -2.2343974113464355, -2.9658968448638916, -4.813970565795898]",1579.8135932192458,441000,18.0,Generated Voices by ai voices
/kaggle/working/output_dataset/Generated Voices by ai voices/MALE/1.4.3.0.0.wav,1.4.3.0.0.wav,"[-472.87945556640625, 79.97974395751953, 4.484765529632568, -21.773828506469727, -1.2577427625656128, 11.434542655944824, 3.5084192752838135, 1.0330381393432617, 6.42854642868042, 0.9887256622314453, -10.659077644348145, -9.159214973449707, 0.946207582950592, 0.5800222754478455, -8.728241920471191, -10.83500862121582, -4.75468111038208, -2.3748061656951904, -5.418886184692383, -5.655937671661377]",1607.5115161627955,441000,18.0,Generated Voices by ai voices
/kaggle/working/output_dataset/Generated Voices by ai voices/MALE/1.4.6.0.0.wav,1.4.6.0.0.wav,"[-466.31243896484375, 70.9649429321289, 12.210227966308594, -14.835888862609863, -4.4062113761901855, 8.216089248657227, 6.674670696258545, 3.2242631912231445, 4.120944499969482, 1.6351319551467896, -4.802732467651367, -6.686924457550049, -3.629452705383301, -3.405581474304199, -7.059777736663818, -8.197608947753906, -5.057616233825684, -2.5710134506225586, -3.609851121902466, -5.606143951416016]",1435.2233315128765,441000,18.0,Generated Voices by ai voices
/kaggle/working/output_dataset/Generated Voices by ai voices/MALE/1.9.0.0.0.wav,1.9.0.0.0.wav,"[-448.2580261230469, 84.43865966796875, 0.17321056127548218, -27.418916702270508, -1.0835442543029785, 15.145365715026855, 4.457409381866455, -1.678010106086731, 3.596586227416992, -0.4069445729255676, -10.9638032913208, -7.353249549865723, 4.818571090698242, 2.655376672744751, -11.050047874450684, -14.09765625, -4.789085865020752, -0.9095115065574646, -6.387731075286865, -8.600635528564453]",1934.1672483161726,441000,18.0,Generated Voices by ai voices
/kaggle/working/output_dataset/Generated Voices by ai voices/MALE/1.7.0.0.0.wav,1.7.0.0.0.wav,"[-482.9958190917969, 80.01480102539062, -9.374228477478027, -28.57712173461914, 8.179550170898438, 22.236804962158203, 3.129099130630493, -5.453400135040283, 2.793107271194458, 2.197998523712158, -6.397537708282471, -6.261173725128174, -2.701637029647827, -6.26364278793335, -8.555841445922852, -3.8388350009918213, -3.063509702682495, -8.528143882751465, -7.135004043579102, 1.1815338134765625]",2473.370098227671,441000,18.0,Generated Voices by ai voices
/kaggle/working/output_dataset/Generated Voices by ai voices/MALE/1.4.2.0.0.wav,1.4.2.0.0.wav,"[-459.4106750488281, 86.1821060180664, 11.402412414550781, -22.000560760498047, -6.754009246826172, 11.013599395751953, 8.824482917785645, 1.656975507736206, -0.4653165936470032, -3.485572338104248, -6.8824052810668945, -4.0857439041137695, 0.12366528809070587, -3.4689273834228516, -10.604302406311035, -10.755375862121582, -5.169797897338867, -2.94903826713562, -5.413961887359619, -6.371645927429199]",1267.6939795566843,441000,18.0,Generated Voices by ai voices
/kaggle/working/output_dataset/Generated Voices by ai voices/MALE/1.8.0.0.0.wav,1.8.0.0.0.wav,"[-448.7057800292969, 102.94832611083984, -24.790578842163086, -47.249847412109375, 5.945151329040527, 22.12406349182129, 0.46297258138656616, 1.651524305343628, 12.351654052734375, -6.199310779571533, -23.86037254333496, -5.183311462402344, 13.467934608459473, -4.346238136291504, -24.765491485595703, -12.53777027130127, 5.188032627105713, -1.8852274417877197, -13.573431015014648, -7.099983215332031]",2837.517220261815,441000,18.0,Generated Voices by ai voices
/kaggle/working/output_dataset/Generated Voices by ai voices/FAMELE/2.6.7.0.0.wav,2.6.7.0.0.wav,"[-429.2120666503906, 93.26505279541016, 3.0081429481506348, -25.275699615478516, -1.783820629119873, 8.297415733337402, -2.483067274093628, -3.710724353790283, 3.362900733947754, 0.3246237635612488, -7.758986473083496, -7.254140377044678, -1.7956479787826538, -2.0876986980438232, -8.674951553344727, -12.982795715332031, -8.204824447631836, 0.8184229731559753, 1.9933291673660278, -5.519434452056885]",1844.7377742020583,441000,18.0,Generated Voices by ai voices
/kaggle/working/output_dataset/Generated Voices by ai voices/FAMELE/2.7.1.0.0.wav,2.7.1.0.0.wav,"[-493.9537658691406, 74.91943359375, 11.576027870178223, -21.61966323852539, -12.2792329788208, 5.868480682373047, 9.103483200073242, 4.5994110107421875, 2.2639665603637695, -1.4702938795089722, -7.847972869873047, -8.78984546661377, -3.0256242752075195, -0.9994886517524719, -6.950772762298584, -11.219949722290039, -6.9282917976379395, -0.9873661994934082, -1.2863703966140747, -4.323410987854004]",2916.057424002136,441000,18.0,Generated Voices by ai voices
/kaggle/working/output_dataset/Generated Voices by ai voices/FAMELE/2.6.6.0.0.wav,2.6.6.0.0.wav,"[-478.73876953125, 84.546630859375, -7.052523612976074, -35.59891891479492, -3.212646722793579, 19.844310760498047, 10.396334648132324, -1.693477988243103, -2.103274345397949, -1.9670408964157104, -3.8945090770721436, -3.1129820346832275, -3.9027581214904785, -8.641087532043457, -9.741870880126953, -5.802211761474609, -4.909573554992676, -6.9137864112854, -3.871602773666382, 1.8814668655395508]",2660.0394581347937,441000,18.0,Generated Voices by ai voices
/kaggle/working/output_dataset/Generated Voices by ai voices/FAMELE/2.6.3.0.0.wav,2.6.3.0.0.wav,"[-470.608154296875, 79.99649047851562, 4.987763404846191, -20.828458786010742, -1.0348095893859863, 10.451459884643555, 2.1749022006988525, -0.7471891045570374, 3.647636651992798, -0.32659220695495605, -7.322892665863037, -3.9393961429595947, 1.4305481910705566, -4.159789562225342, -12.102397918701172, -9.325915336608887, -1.819754958152771, -1.2223997116088867, -5.108335494995117, -5.48137092590332]",1669.6760125984476,441000,18.0,Generated Voices by ai voices
/kaggle/working/output_dataset/Generated Voices by ai voices/FAMELE/2.4.1.0.0.wav,2.4.1.0.0.wav,"[-469.4006652832031, 78.45752716064453, 2.231203079223633, -21.035268783569336, 2.3692898750305176, 13.596490859985352, 1.81039297580719, -2.9139015674591064, 3.3352811336517334, 1.6439040899276733, -6.232471466064453, -6.182741165161133, -2.305941104888916, -4.959330081939697, -8.615509033203125, -5.647680759429932, -2.421799421310425, -5.026036739349365, -7.299908638000488, -4.139484882354736]",1799.9286506299652,441000,18.0,Generated Voices by ai voices
/kaggle/working/output_dataset/Generated Voices by ai voices/FAMELE/2.0.0 d.h noise sample.wav,2.0.0 d.h noise sample.wav,"[-484.8586730957031, 90.20448303222656, -9.249037742614746, -36.59011459350586, -1.1762070655822754, 16.867252349853516, 2.466326951980591, -3.800574541091919, 3.046353578567505, -1.9302418231964111, -12.749682426452637, -7.58806037902832, 3.539262056350708, -0.5964520573616028, -11.081218719482422, -9.353799819946289, -2.329716205596924, -4.032212734222412, -7.653736591339111, -2.9102838039398193]",2621.9894507411523,441000,18.0,Generated Voices by ai voices
/kaggle/working/output_dataset/Generated Voices by ai voices/FAMELE/1.1.0 b.g noise sample.wav,1.1.0 b.g noise sample.wav,"[-433.6123962402344, 94.4494857788086, 18.100181579589844, -12.374341011047363, 2.7539520263671875, 12.952302932739258, 4.735663414001465, -0.2011863887310028, 0.9891833662986755, -4.6241559982299805, -11.65002155303955, -7.9243083000183105, -1.5918388366699219, -5.410747051239014, -12.200945854187012, -10.002429008483887, -4.217183589935303, -5.272725582122803, -9.515715599060059, -8.04694938659668]",902.6177135289495,441000,18.0,Generated Voices by ai voices
/kaggle/working/output_dataset/Generated Voices by ai voices/FAMELE/1.0.0 b.g noise sample.wav,1.0.0 b.g noise sample.wav,"[-383.1947326660156, 121.81938171386719, -23.184057235717773, -58.81272506713867, -10.085221290588379, 13.605978965759277, 2.6733999252319336, -0.3511296510696411, 0.7217788100242615, -7.111967086791992, -9.28061294555664, -2.5208897590637207, -0.6273635029792786, -3.663649797439575, -6.037822246551514, -9.659154891967773, -10.096088409423828, -3.001779317855835, 0.9971506595611572, -2.998260974884033]",2136.6994264055306,441000,18.0,Generated Voices by ai voices
/kaggle/working/output_dataset/Generated Voices by ai voices/FAMELE/2.4.5.0.0.wav,2.4.5.0.0.wav,"[-446.75396728515625, 71.6803970336914, 9.136345863342285, -20.80626678466797, -8.767860412597656, 8.895495414733887, 9.583083152770996, 1.973017692565918, -2.830008029937744, -5.103897571563721, -5.463109016418457, -2.93328595161438, -1.572304368019104, -4.480719566345215, -6.776616096496582, -4.851415157318115, -3.695282459259033, -6.150221347808838, -5.992192268371582, -0.47680097818374634]",1808.9716403745183,441000,18.0,Generated Voices by ai voices
/kaggle/working/output_dataset/Generated Voices by ai voices/FAMELE/2.4.6.0.0.wav,2.4.6.0.0.wav,"[-469.3470764160156, 72.79457092285156, 5.433605194091797, -16.906641006469727, 2.2969560623168945, 12.547332763671875, 2.233696937561035, -3.437199592590332, 1.3216538429260254, 1.4943844079971313, -3.7049174308776855, -4.196619987487793, -2.1679508686065674, -4.471520900726318, -6.950518608093262, -4.784224987030029, -3.1154990196228027, -5.404998302459717, -6.3491315841674805, -3.5794334411621094]",1734.9053477723671,441000,18.0,Generated Voices by ai voices
/kaggle/working/output_dataset/Generated Voices by ai voices/FAMELE/2.6.0.0.0.wav,2.6.0.0.0.wav,"[-476.8125, 87.58772277832031, 4.038509845733643, -24.376951217651367, -2.25559663772583, 10.659603118896484, 2.6734185218811035, 0.8377468585968018, 4.934668064117432, -2.2646665573120117, -11.56413459777832, -6.368556976318359, 2.2434496879577637, -2.132037401199341, -10.268814086914062, -7.824023246765137, -1.7959250211715698, -3.8260340690612793, -8.70314884185791, -6.812528133392334]",1783.6983798891988,441000,18.0,Generated Voices by ai voices
/kaggle/working/output_dataset/Generated Voices by ai voices/FAMELE/2.6.2.0.0.wav,2.6.2.0.0.wav,"[-496.14990234375, 83.64236450195312, 1.7756438255310059, -24.40151023864746, -0.5524366497993469, 12.213536262512207, 2.0693328380584717, -1.7029597759246826, 3.2797343730926514, -0.6876528859138489, -7.812514305114746, -3.6648221015930176, 2.1593222618103027, -4.095301628112793, -12.508501052856445, -9.422772407531738, -1.918538212776184, -1.7128777503967285, -5.267752170562744, -4.838837146759033]",1752.2096751514011,441000,18.0,Generated Voices by ai voices
/kaggle/working/output_dataset/Generated Voices by ai voices/FAMELE/2.1.2.0.0.wav,2.1.2.0.0.wav,"[-450.579345703125, 76.4941635131836, 3.589935541152954, -18.967317581176758, 2.8580803871154785, 13.482913970947266, 2.9828743934631348, -1.150586724281311, 2.963160753250122, -1.6346896886825562, -9.206048011779785, -5.266101837158203, 1.2473859786987305, -3.6290080547332764, -10.896669387817383, -7.372587203979492, -0.6767733693122864, -2.744344711303711, -7.96401309967041, -6.100856304168701]",1770.5482322659268,441000,18.0,Generated Voices by ai voices
/kaggle/working/output_dataset/Generated Voices by ai voices/FAMELE/2.0.0.0.0.wav,2.0.0.0.0.wav,"[-447.52947998046875, 79.24896240234375, 6.867024898529053, -18.115625381469727, 0.27054306864738464, 9.635156631469727, 0.18898457288742065, -1.7157634496688843, 5.39597749710083, 2.768145799636841, -6.4551262855529785, -6.247476100921631, -0.6760286688804626, -3.3013758659362793, -10.330215454101562, -10.218491554260254, -4.868947982788086, -2.5739731788635254, -3.287576198577881, -3.4931416511535645]",1667.2104403312653,441000,18.0,Generated Voices by ai voices
/kaggle/working/output_dataset/Generated Voices by ai voices/FAMELE/2.6.1.0.0.wav,2.6.1.0.0.wav,"[-483.013671875, 82.7109146118164, 3.051741600036621, -23.745492935180664, -1.6629925966262817, 11.283964157104492, 2.4751572608947754, -1.0922677516937256, 3.3390512466430664, -0.592295229434967, -7.5195512771606445, -3.664994239807129, 2.011658191680908, -4.001418113708496, -12.559195518493652, -9.929561614990234, -2.229008913040161, -1.3446348905563354, -4.820732116699219, -4.886412143707275]",1713.7117159754125,441000,18.0,Generated Voices by ai voices
/kaggle/working/output_dataset/Generated Voices by ai voices/FAMELE/2.4.0.0.0.wav,2.4.0.0.0.wav,"[-460.681884765625, 84.23896789550781, 7.160808086395264, -20.066970825195312, -1.3493062257766724, 8.854999542236328, 0.42653360962867737, -0.40545108914375305, 6.375427722930908, 2.0400755405426025, -7.859195232391357, -6.420279502868652, 0.18289920687675476, -2.9581222534179688, -10.790849685668945, -10.678732872009277, -5.158196449279785, -3.056671380996704, -3.846743583679199, -3.712763547897339]",1581.0400552244955,441000,18.0,Generated Voices by ai voices
/kaggle/working/output_dataset/Generated Voices by ai voices/FAMELE/2.5.8.0.0.wav,2.5.8.0.0.wav,"[-446.974609375, 74.7954330444336, 5.386795997619629, -19.740156173706055, 0.2798297703266144, 14.9868745803833, 6.789126396179199, -1.202635407447815, 1.6527358293533325, 2.42337965965271, -3.543609142303467, -6.922619819641113, -5.161022663116455, -4.042543888092041, -4.518861293792725, -4.349478244781494, -5.194067001342773, -7.337888717651367, -6.342954158782959, -1.9372013807296753]",1419.9853930842667,441000,18.0,Generated Voices by ai voices
/kaggle/working/output_dataset/Generated Voices by ai voices/FAMELE/2.0.8 d.h noise sample.wav,2.0.8 d.h noise sample.wav,"[-401.9862060546875, 87.57887268066406, -1.833092212677002, -26.81488609313965, 2.369480609893799, 15.742358207702637, 2.8726537227630615, -1.9877517223358154, 3.0247433185577393, -1.6573235988616943, -9.421194076538086, -5.144322872161865, 1.2357728481292725, -4.093048095703125, -11.874312400817871, -9.385432243347168, -2.7715721130371094, -2.2465109825134277, -4.95074987411499, -4.651080131530762]",1767.926619200709,441000,18.0,Generated Voices by ai voices
/kaggle/working/output_dataset/Generated Voices by ai voices/FAMELE/2.6.4.0.0.wav,2.6.4.0.0.wav,"[-455.44512939453125, 76.0462417602539, 6.4550042152404785, -18.472278594970703, -0.9038128852844238, 9.940534591674805, 2.420473575592041, -0.8101731538772583, 2.930662155151367, -0.5451951026916504, -7.045022010803223, -4.142014026641846, 1.185880184173584, -3.4003520011901855, -11.016471862792969, -9.298262596130371, -2.601881980895996, -1.5745739936828613, -4.741790771484375, -4.9755988121032715]",1660.7847195271486,441000,18.0,Generated Voices by ai voices
/kaggle/working/output_dataset/Generated Voices by ai voices/FAMELE/2.8.0.0.0.wav,2.8.0.0.0.wav,"[-462.1336975097656, 82.18902587890625, 5.643071174621582, -19.522083282470703, 0.9812397956848145, 10.19408893585205, -1.1173553466796875, -3.106266736984253, 5.442617416381836, 2.977674722671509, -7.198918342590332, -6.718477725982666, 0.20823778212070465, -2.2501380443573, -10.569565773010254, -11.170660972595215, -5.131134510040283, -2.233382225036621, -3.5700533390045166, -4.59453821182251]",1742.792976874588,441000,18.0,Generated Voices by ai voices
/kaggle/working/output_dataset/Generated Voices by ai voices/FAMELE/2.6.9.0.0.wav,2.6.9.0.0.wav,"[-442.4805908203125, 98.59883117675781, -20.51127052307129, -44.61279296875, -1.4420123100280762, 13.099470138549805, -0.11388253420591354, 2.9692585468292236, 9.376739501953125, -4.136680603027344, -15.40140438079834, -5.89141321182251, 3.9875388145446777, -2.599353790283203, -12.561812400817871, -11.306001663208008, -3.909470558166504, -1.4925497770309448, -3.742459535598755, -2.8635246753692627]",3058.5748894223484,441000,18.0,Generated Voices by ai voices
/kaggle/working/output_dataset/Generated Voices by ai voices/FAMELE/2.5.9.0.0.wav,2.5.9.0.0.wav,"[-444.18536376953125, 66.02880096435547, 6.288966178894043, -15.573603630065918, 1.3920005559921265, 13.761219024658203, 6.215201377868652, -0.9649468064308167, 1.8797680139541626, 3.0204238891601562, -2.5566608905792236, -6.441565036773682, -5.153350353240967, -3.617982864379883, -3.771171808242798, -3.9604318141937256, -4.824789047241211, -6.399862766265869, -5.510366439819336, -2.129054307937622]",1539.3927681866105,441000,18.0,Generated Voices by ai voices
/kaggle/working/output_dataset/Generated Voices by ai voices/FAMELE/2.7.0.0.0.wav,2.7.0.0.0.wav,"[-450.91357421875, 82.8363037109375, 6.941883563995361, -18.692623138427734, 0.6606875061988831, 9.556479454040527, -1.031535029411316, -2.5682389736175537, 5.626791954040527, 3.0032410621643066, -6.691539287567139, -6.19467306137085, -0.2748608887195587, -3.48445200920105, -11.30665397644043, -11.151981353759766, -5.172851085662842, -2.4172983169555664, -3.0987389087677, -3.621232509613037]",1726.7452681710115,441000,18.0,Generated Voices by ai voices
/kaggle/working/output_dataset/Real Voices/Female/13.5.wav,13.5.wav,"[-553.3494873046875, 74.82649993896484, -4.983836650848389, -19.96671485900879, 2.71443510055542, 9.791854858398438, 5.230550765991211, 0.5053049325942993, -4.305087566375732, -2.9912362098693848, -1.516734004020691, -7.2964372634887695, -6.409185409545898, 1.3627214431762695, -3.8866219520568848, -13.466388702392578, -6.29164981842041, 3.0186455249786377, -2.6521682739257812, -7.669157981872559]",2586.2720608477894,441000,18.0,Real Voices
/kaggle/working/output_dataset/Real Voices/Female/9.5.wav,9.5.wav,"[-545.030029296875, 69.08354949951172, -6.606236934661865, -17.72438621520996, 5.73181676864624, 10.165824890136719, 3.6912972927093506, 0.4263559877872467, -3.3352906703948975, -3.801866054534912, -3.2472214698791504, -7.619332790374756, -5.745612144470215, 2.4701733589172363, -2.2178452014923096, -12.953380584716797, -7.578388214111328, 2.605576276779175, -1.049136757850647, -6.256048202514648]",2811.048520227582,441000,18.0,Real Voices
/kaggle/working/output_dataset/Real Voices/Female/6.wav,6.wav,"[-544.4956665039062, 66.56922912597656, -1.0436935424804688, -24.602622985839844, -8.580946922302246, 11.783906936645508, 17.31508445739746, 2.747525453567505, -12.911622047424316, -8.820164680480957, -0.6843585968017578, -5.164078712463379, -7.720513820648193, -3.196556806564331, -3.8318402767181396, -5.114014625549316, -1.4610666036605835, -2.506160020828247, -5.667679309844971, -1.9605708122253418]",2782.8123039507304,441000,18.0,Real Voices
/kaggle/working/output_dataset/Real Voices/Female/12.wav,12.wav,"[-576.9479370117188, 55.78049850463867, -1.8656315803527832, -15.5433931350708, 0.3307401239871979, 10.293251037597656, 9.66773509979248, 1.0885053873062134, -8.290535926818848, -6.759613513946533, -2.083059549331665, -5.481424331665039, -7.947900772094727, -5.687623023986816, -6.815030097961426, -6.025595664978027, 1.3375681638717651, 2.5324134826660156, -4.478219985961914, -5.765146255493164]",3570.410971981082,441000,18.0,Real Voices
/kaggle/working/output_dataset/Real Voices/Female/2.0.5 d.h noise sample.wav,2.0.5 d.h noise sample.wav,"[-435.8836975097656, 91.93726348876953, -4.008069038391113, -34.06924057006836, -3.8149852752685547, 16.36025047302246, 7.0531840324401855, -3.843642234802246, -4.188634872436523, -1.9039056301116943, -1.4034503698349, -3.176668167114258, -5.857208251953125, -5.213619709014893, -2.9120676517486572, -4.978304862976074, -8.03972339630127, -5.093430519104004, -0.6998109817504883, -1.9758663177490234]",2033.432553605266,441000,18.0,Real Voices
/kaggle/working/output_dataset/Real Voices/Female/12.1.wav,12.1.wav,"[-508.5041809082031, 66.40206146240234, 1.988657832145691, -10.55575942993164, 7.036656856536865, 10.289990425109863, 4.485250949859619, 1.558058500289917, -3.116499185562134, -5.93047571182251, -3.537205219268799, -2.8040199279785156, -3.49208664894104, -2.992744207382202, -6.4575605392456055, -10.318938255310059, -5.696523666381836, -0.09679709374904633, -2.4303369522094727, -4.513710975646973]",2824.709854719103,441000,18.0,Real Voices
/kaggle/working/output_dataset/Real Voices/Female/7.1.wav,7.1.wav,"[-531.8451538085938, 72.93628692626953, 4.2708916664123535, -10.500953674316406, 6.876555919647217, 10.75318431854248, 6.072723865509033, 3.4025142192840576, -3.2543392181396484, -8.559202194213867, -5.843581676483154, -1.6898179054260254, 0.22780413925647736, -1.2585437297821045, -9.674491882324219, -15.556584358215332, -7.579574108123779, 2.060978889465332, -0.5622463226318359, -5.374172687530518]",2050.793790384849,441000,18.0,Real Voices
/kaggle/working/output_dataset/Real Voices/Female/3.1.wav,3.1.wav,"[-502.2088928222656, 64.22611236572266, 3.214979410171509, -7.989165782928467, 8.462594032287598, 10.442686080932617, 5.233143329620361, 3.6301355361938477, -2.2721292972564697, -8.663110733032227, -7.367652416229248, -3.163825273513794, 0.024077046662569046, 0.41668593883514404, -6.739194393157959, -13.83721923828125, -8.312605857849121, 0.9813419580459595, -0.2237427532672882, -4.705838203430176]",2354.2926014632994,441000,18.0,Real Voices
/kaggle/working/output_dataset/Real Voices/Female/6.5.wav,6.5.wav,"[-546.3009643554688, 76.20051574707031, -13.434952735900879, -22.539901733398438, 7.495248317718506, 11.622857093811035, 4.174666404724121, 1.9804375171661377, -2.1955695152282715, -3.4137167930603027, -3.826064109802246, -10.321966171264648, -7.433704376220703, 4.665013790130615, -0.4241117537021637, -14.604013442993164, -8.912830352783203, 3.0809695720672607, -1.495015263557434, -7.173929691314697]",2716.1938863224423,441000,18.0,Real Voices
/kaggle/working/output_dataset/Real Voices/Female/15.5.wav,15.5.wav,"[-533.6961059570312, 68.29121398925781, 1.8980046510696411, -14.44566535949707, 1.984922170639038, 8.5634126663208, 5.024810791015625, 0.7638379335403442, -3.279641628265381, -3.1968696117401123, -2.6599910259246826, -6.385454177856445, -5.377109527587891, 0.007203124929219484, -3.9204206466674805, -10.861672401428223, -5.7671637535095215, 1.2563015222549438, -2.3317434787750244, -6.009737491607666]",2402.6462532996993,441000,18.0,Real Voices
/kaggle/working/output_dataset/Real Voices/Female/18.5.wav,18.5.wav,"[-531.286376953125, 69.23480987548828, -8.233370780944824, -16.77121925354004, 9.122645378112793, 11.69064998626709, 2.926496982574463, 0.5084649920463562, -2.176337242126465, -3.6458547115325928, -4.1486310958862305, -8.438395500183105, -6.1981024742126465, 2.378905773162842, -2.3218140602111816, -13.660123825073242, -8.312891006469727, 2.3702735900878906, -1.6646380424499512, -7.034299850463867]",2902.0260879872485,441000,18.0,Real Voices
/kaggle/working/output_dataset/Real Voices/Female/19.5.wav,19.5.wav,"[-545.86865234375, 66.49789428710938, -4.225640773773193, -16.3294677734375, 4.124436378479004, 8.8989896774292, 4.275197505950928, 1.5087428092956543, -2.9442033767700195, -4.6010026931762695, -4.445662498474121, -7.452345848083496, -4.495575904846191, 2.8832767009735107, -2.5041980743408203, -12.673160552978516, -7.205735206604004, 2.5065760612487793, -0.9731164574623108, -6.1236090660095215]",2784.815628878334,441000,18.0,Real Voices
/kaggle/working/output_dataset/Real Voices/Female/6.2.wav,6.2.wav,"[-546.2149047851562, 79.35369110107422, -9.490591049194336, -22.82692527770996, 6.17752742767334, 14.76042366027832, 6.977921009063721, -2.6736950874328613, -10.023200035095215, -4.898204803466797, 2.161541223526001, -4.149177551269531, -7.6270952224731445, -0.6287758946418762, -2.9139883518218994, -11.083719253540039, -6.711728572845459, -0.8611291646957397, -4.794085502624512, -5.1485981941223145]",2528.9974762549637,441000,18.0,Real Voices
/kaggle/working/output_dataset/Real Voices/Female/10.2.wav,10.2.wav,"[-544.1570434570312, 79.39493560791016, -12.862634658813477, -25.48923683166504, 2.9495205879211426, 10.07120418548584, 4.673527717590332, -2.026442766189575, -9.382852554321289, -4.450724124908447, 3.188344955444336, -3.077359676361084, -6.784242153167725, -0.893606960773468, -4.543821811676025, -11.471888542175293, -4.7471022605896, 0.9724118709564209, -4.184409141540527, -4.8128437995910645]",2874.4439275743657,441000,18.0,Real Voices
/kaggle/working/output_dataset/Real Voices/Female/7.2.wav,7.2.wav,"[-521.8088989257812, 78.57650756835938, -6.335269451141357, -21.763504028320312, 4.1732177734375, 12.453742027282715, 4.940255165100098, -3.486854314804077, -8.310735702514648, -2.823028326034546, 2.2663328647613525, -4.990654468536377, -8.178303718566895, -0.7383358478546143, -2.328119993209839, -10.682378768920898, -7.3766350746154785, -1.0780363082885742, -3.7035250663757324, -4.524784564971924]",2510.112269283684,441000,18.0,Real Voices
/kaggle/working/output_dataset/Real Voices/Female/1.1.4 b.g noise sample.wav,1.1.4 b.g noise sample.wav,"[-467.68670654296875, 77.80857849121094, 15.11493968963623, -6.287013053894043, 3.552967071533203, 4.240527153015137, -3.1815853118896484, -2.740518093109131, -1.8954745531082153, -7.365959167480469, -9.280817031860352, -5.003258228302002, -3.0507564544677734, -4.200304985046387, -4.392971992492676, -5.697957992553711, -8.711490631103516, -8.574492454528809, -4.9605913162231445, -2.4210364818573]",1342.7930299629643,441000,18.0,Real Voices
/kaggle/working/output_dataset/Real Voices/Female/16.5.wav,16.5.wav,"[-539.7392578125, 72.9453353881836, -8.670167922973633, -20.22710609436035, 5.349457263946533, 10.74721908569336, 4.799410343170166, 1.3003867864608765, -3.65366268157959, -4.267178058624268, -3.070277452468872, -7.6663079261779785, -5.968677520751953, 2.5492708683013916, -2.5715596675872803, -13.567208290100098, -7.352584362030029, 2.8964788913726807, -1.751657485961914, -6.78955078125]",2825.96333936318,441000,18.0,Real Voices
/kaggle/working/output_dataset/Real Voices/Female/6.1.wav,6.1.wav,"[-516.0514526367188, 73.44754791259766, 1.7257400751113892, -12.52574348449707, 7.711558818817139, 13.231437683105469, 7.50502872467041, 2.287271022796631, -5.282068252563477, -8.831995964050293, -4.856357097625732, -1.457733392715454, 0.08786389976739883, -1.1450800895690918, -10.4321870803833, -16.61211395263672, -6.869068622589111, 3.4620468616485596, -1.113288402557373, -7.186068534851074]",2102.825424898997,441000,18.0,Real Voices
/kaggle/working/output_dataset/Real Voices/Female/13.2.wav,13.2.wav,"[-550.2091064453125, 67.38343811035156, -1.2472319602966309, -17.386734008789062, 1.0525585412979126, 10.087983131408691, 6.518067836761475, -1.862426996231079, -8.032469749450684, -3.2185468673706055, 2.412510395050049, -2.5105409622192383, -5.585324287414551, -1.7994295358657837, -4.009603977203369, -8.505270957946777, -4.484525203704834, -1.0939735174179077, -4.147718906402588, -4.043651580810547]",2307.0754635792996,441000,18.0,Real Voices
/kaggle/working/output_dataset/Real Voices/Female/17.5.wav,17.5.wav,"[-501.541015625, 61.599578857421875, -9.45616626739502, -15.454106330871582, 9.8629732131958, 11.792326927185059, 3.241185426712036, 1.7497124671936035, -0.7750226259231567, -3.7500336170196533, -5.1625566482543945, -8.622739791870117, -6.02703332901001, 2.2591490745544434, -1.4627974033355713, -11.751300811767578, -7.156984806060791, 2.4836997985839844, -1.5603798627853394, -6.914628982543945]",3003.461612999195,441000,18.0,Real Voices
/kaggle/working/output_dataset/Real Voices/Female/14.5.wav,14.5.wav,"[-537.86376953125, 74.01850891113281, -13.068817138671875, -21.41242218017578, 8.373530387878418, 12.291558265686035, 4.094661712646484, 0.6573972702026367, -4.074278831481934, -4.060056686401367, -1.6920524835586548, -6.750268936157227, -6.478086471557617, 1.6333955526351929, -3.5131750106811523, -13.989853858947754, -5.931387901306152, 4.681234836578369, -2.704212188720703, -9.457582473754883]",2818.6064072730805,441000,18.0,Real Voices
/kaggle/working/output_dataset/Real Voices/Female/12.5.wav,12.5.wav,"[-549.6555786132812, 72.09352111816406, -5.421400547027588, -17.464889526367188, 5.75376033782959, 10.528326988220215, 4.334017753601074, 0.22556735575199127, -4.013582706451416, -2.928635358810425, -0.9334841370582581, -6.177743911743164, -6.290666103363037, 0.5520803928375244, -3.9639840126037598, -12.798126220703125, -6.1784138679504395, 2.502809524536133, -2.9338083267211914, -7.490877151489258]",2507.708692636019,441000,18.0,Real Voices
/kaggle/working/output_dataset/Real Voices/Female/12.2.wav,12.2.wav,"[-536.166015625, 75.86518859863281, 1.2349945306777954, -16.956796646118164, 1.8413370847702026, 9.676366806030273, 4.42983341217041, -3.5342507362365723, -8.18256950378418, -2.786607503890991, 2.5240066051483154, -2.808401584625244, -6.166655540466309, -2.600908041000366, -5.14259672164917, -9.812588691711426, -5.026758670806885, -0.5143930315971375, -3.8326404094696045, -4.937152862548828]",2072.3649551663793,441000,18.0,Real Voices
/kaggle/working/output_dataset/Real Voices/MALE/11.2.5.wav,11.2.5.wav,"[-485.4051208496094, 66.06014251708984, -12.974203109741211, -22.493017196655273, 3.3175530433654785, 9.447444915771484, 5.430603504180908, 2.1625092029571533, -4.344645977020264, -5.287814617156982, -2.6130032539367676, -5.686284065246582, -4.165384769439697, 2.4249625205993652, -3.4323782920837402, -12.833984375, -6.432387828826904, 1.852768063545227, -2.717745065689087, -5.7836480140686035]",3009.0435330073014,441000,18.0,Real Voices
/kaggle/working/output_dataset/Real Voices/MALE/5.wav,5.wav,"[-548.1292114257812, 79.34967041015625, 10.547456741333008, -17.30546760559082, -6.4119110107421875, 9.021828651428223, 13.507515907287598, 4.877100467681885, -6.114152908325195, -5.435263633728027, -0.42157530784606934, -2.74116849899292, -6.075737476348877, -6.8702874183654785, -9.604874610900879, -8.767544746398926, -2.632720708847046, -2.3576254844665527, -6.813429355621338, -4.910868167877197]",1445.9226907950824,441000,18.0,Real Voices
/kaggle/working/output_dataset/Real Voices/MALE/6.2.5.wav,6.2.5.wav,"[-556.8696899414062, 59.51127243041992, -9.796429634094238, -18.12045669555664, 4.358011245727539, 8.816618919372559, 4.413915157318115, 2.161487102508545, -2.1275150775909424, -2.3827426433563232, -0.6750688552856445, -5.155973434448242, -5.722806453704834, 0.5839041471481323, -1.8254281282424927, -9.2451171875, -6.144789218902588, -1.1217869520187378, -4.3146748542785645, -4.678047180175781]",3011.5461894659725,441000,18.0,Real Voices
/kaggle/working/output_dataset/Real Voices/MALE/6.wav,6.wav,"[-527.4927978515625, 77.42298889160156, 12.409066200256348, -16.720169067382812, -7.990229606628418, 7.745838642120361, 12.611987113952637, 3.681976318359375, -7.301662445068359, -6.511904239654541, -0.5595909953117371, -1.1354141235351562, -4.427681922912598, -6.788249492645264, -9.928421974182129, -8.671606063842773, -2.7841851711273193, -2.1988816261291504, -5.5704827308654785, -3.7402403354644775]",1485.6643272916824,441000,18.0,Real Voices
/kaggle/working/output_dataset/Real Voices/MALE/9.2.5.wav,9.2.5.wav,"[-484.1187744140625, 80.8167724609375, -13.034110069274902, -28.464160919189453, -0.8454523086547852, 8.652152061462402, 7.284238815307617, 4.227362155914307, -3.264857530593872, -3.8966946601867676, -2.0550520420074463, -7.998878002166748, -6.901425838470459, 1.5516698360443115, -4.442670822143555, -14.608591079711914, -7.001988410949707, 2.1356887817382812, -2.892245054244995, -5.846292018890381]",2852.282909817863,441000,18.0,Real Voices
/kaggle/working/output_dataset/Real Voices/MALE/5.2.5.wav,5.2.5.wav,"[-566.7487182617188, 43.93020248413086, -6.7469482421875, -14.15212631225586, 2.213728189468384, 7.345303058624268, 5.240534782409668, 3.0220553874969482, -0.7839122414588928, -1.3186025619506836, -0.510610044002533, -3.7666561603546143, -3.7664711475372314, 0.472585529088974, -2.2801644802093506, -7.774187088012695, -4.458959579467773, -0.088895283639431, -2.9017460346221924, -3.983532667160034]",3082.8725119336123,441000,18.0,Real Voices
/kaggle/working/output_dataset/Real Voices/MALE/12.wav,12.wav,"[-510.54638671875, 88.71565246582031, 17.09940528869629, -18.991819381713867, -13.472029685974121, 3.4540536403656006, 12.852758407592773, 9.320137977600098, -0.9771208167076111, -5.779820919036865, -4.575504779815674, -4.312958240509033, -5.4088134765625, -7.5963873863220215, -10.619606018066406, -8.505475997924805, -2.4913954734802246, -3.0196995735168457, -8.064322471618652, -6.286388874053955]",1306.3185776786179,441000,18.0,Real Voices
/kaggle/working/output_dataset/Real Voices/MALE/12.1.wav,12.1.wav,"[-548.6624755859375, 55.73871612548828, 20.792396545410156, -1.2235395908355713, -5.590401649475098, -2.0309441089630127, 2.762382984161377, 4.0453572273254395, 0.5301554799079895, -3.3177669048309326, -4.153163433074951, -2.648452043533325, -0.9391461610794067, -2.175980567932129, -6.510199069976807, -8.697267532348633, -6.345250129699707, -3.5653281211853027, -2.6669321060180664, -1.7100948095321655]",2145.270885245754,441000,18.0,Real Voices
/kaggle/working/output_dataset/Real Voices/MALE/7.wav,7.wav,"[-513.5685424804688, 82.60639190673828, 15.29359245300293, -17.50942039489746, -12.526069641113281, 2.3034539222717285, 11.120686531066895, 8.052186012268066, -1.6765083074569702, -5.982529163360596, -4.731045722961426, -3.748762845993042, -2.9564597606658936, -5.102955341339111, -11.002248764038086, -10.77662181854248, -3.374767780303955, -1.3686554431915283, -5.337512493133545, -4.93862247467041]",1394.4634806463505,441000,18.0,Real Voices
/kaggle/working/output_dataset/Real Voices/MALE/7.2.5.wav,7.2.5.wav,"[-526.2472534179688, 73.02044677734375, -4.152645111083984, -20.45682144165039, -2.2776777744293213, 4.339513301849365, 5.5852203369140625, 5.807197093963623, -0.45889121294021606, -3.7963736057281494, -3.7133936882019043, -6.674644470214844, -4.514675140380859, 0.6804574728012085, -5.196241855621338, -12.242188453674316, -5.9551472663879395, 0.13852278888225555, -3.964041233062744, -5.420767784118652]",2345.286177928365,441000,18.0,Real Voices
/kaggle/working/output_dataset/Real Voices/MALE/2.0.2 d.h noise sample.wav,2.0.2 d.h noise sample.wav,"[-397.14599609375, 91.92565155029297, -14.420302391052246, -32.9713134765625, 5.699695587158203, 16.19255256652832, 2.85182785987854, 0.6415190696716309, -1.2324029207229614, -10.892297744750977, -9.800739288330078, -0.22946280241012573, -1.129035234451294, -7.834245204925537, -7.849229335784912, -6.263734340667725, -6.842531204223633, -3.9414844512939453, -0.4938986003398895, -2.43748140335083]",2442.2826951122142,441000,18.0,Real Voices
/kaggle/working/output_dataset/Real Voices/MALE/9.2.2.wav,9.2.2.wav,"[-609.5783081054688, 62.31861877441406, -4.018929481506348, -14.17945671081543, 6.275452136993408, 9.508994102478027, 2.0673227310180664, -1.3707278966903687, -2.497384786605835, 0.2641516923904419, 2.5050268173217773, -2.8643503189086914, -6.015643119812012, -1.8695063591003418, -2.8657901287078857, -8.154197692871094, -6.044763565063477, -3.1308960914611816, -6.784000873565674, -6.2347893714904785]",2729.8180770998874,441000,18.0,Real Voices
/kaggle/working/output_dataset/Real Voices/MALE/2.0.3 d.h noise sample.wav,2.0.3 d.h noise sample.wav,"[-427.1504211425781, 94.31859588623047, -2.9417450428009033, -32.56558609008789, -11.747549057006836, 0.4973765015602112, 4.502262592315674, 10.481225967407227, 3.27838134765625, -10.712061882019043, -9.487561225891113, -0.8388122916221619, -1.4110161066055298, -5.317261695861816, -6.855835437774658, -10.269841194152832, -10.260774612426758, -2.400047540664673, 2.039665460586548, -2.0864882469177246]",2498.311898510545,441000,18.0,Real Voices
/kaggle/working/output_dataset/Real Voices/MALE/7.1.wav,7.1.wav,"[-554.865234375, 59.62788009643555, 14.292015075683594, -7.668061256408691, -6.43555212020874, -0.7560554146766663, 2.3321049213409424, 1.6896692514419556, -0.2216334193944931, 0.26851826906204224, -0.2784307897090912, -3.239602565765381, -3.1147992610931396, -2.1739652156829834, -6.316979885101318, -9.407174110412598, -5.4308695793151855, -1.2836002111434937, -2.103010654449463, -3.295226812362671]",2467.754889418521,441000,18.0,Real Voices
/kaggle/working/output_dataset/Real Voices/MALE/12.2.2.wav,12.2.2.wav,"[-486.4427795410156, 75.06753540039062, -23.198795318603516, -33.335819244384766, -0.8427584171295166, 6.4093804359436035, 1.1417196989059448, -3.616466522216797, -8.317146301269531, -1.031748652458191, 5.602497577667236, -4.130324363708496, -7.7735819816589355, 0.6565090417861938, -3.9285225868225098, -12.683931350708008, -4.040700912475586, 2.943974733352661, -4.85649299621582, -6.2390594482421875]",3545.8076501165847,441000,18.0,Real Voices
/kaggle/working/output_dataset/Real Voices/MALE/6.2.2.wav,6.2.2.wav,"[-498.7048645019531, 58.34193420410156, -1.6547791957855225, -12.88176441192627, 4.597564697265625, 8.959782600402832, 3.1225907802581787, -0.8339406251907349, -2.1339800357818604, 0.9490227103233337, 2.7422091960906982, -2.6172897815704346, -5.188660144805908, -1.4020928144454956, -2.8467512130737305, -7.620311260223389, -5.36561918258667, -2.977637529373169, -6.863972187042236, -6.93641471862793]",2625.6358639390214,441000,18.0,Real Voices
/kaggle/working/output_dataset/Real Voices/MALE/7.2.2.wav,7.2.2.wav,"[-548.4617309570312, 76.25446319580078, -18.55251121520996, -23.28724479675293, 9.666370391845703, 10.082561492919922, 1.1297258138656616, 0.8834972381591797, -2.689221143722534, -1.946481704711914, 2.2237648963928223, -3.51096248626709, -5.658894062042236, 1.8156424760818481, -2.767779588699341, -13.379913330078125, -6.886207103729248, 1.2886239290237427, -6.075409889221191, -9.13535213470459]",2746.12069233831,441000,18.0,Real Voices
/kaggle/working/output_dataset/Real Voices/MALE/13.2.2.wav,13.2.2.wav,"[-628.0809936523438, 74.27699279785156, -7.644323348999023, -23.00420379638672, -0.022660987451672554, 7.661141872406006, 5.023914337158203, 2.6589725017547607, -0.9203120470046997, 0.728370726108551, 2.3245902061462402, -4.32199239730835, -6.2791337966918945, -1.239793300628662, -5.413654327392578, -11.82984447479248, -5.149694442749023, 0.8064028024673462, -5.0591864585876465, -7.421087741851807]",2545.9733999509563,441000,18.0,Real Voices
/kaggle/working/output_dataset/Real Voices/MALE/11.2.2.wav,11.2.2.wav,"[-519.9834594726562, 55.709041595458984, -10.200440406799316, -19.199275970458984, 1.7591493129730225, 5.965207576751709, 0.5422803163528442, -2.200587272644043, -3.8675153255462646, -0.6507192850112915, 2.3812947273254395, -2.7166199684143066, -5.177587032318115, -0.8858158588409424, -3.0033419132232666, -8.033374786376953, -3.60115122795105, 0.5286663770675659, -4.205167293548584, -5.278397560119629]",3411.3004928227606,441000,18.0,Real Voices
/kaggle/working/output_dataset/Real Voices/MALE/11.wav,11.wav,"[-517.9962768554688, 83.35884094238281, 12.720325469970703, -19.294883728027344, -9.79399299621582, 7.6742353439331055, 12.961969375610352, 2.991548776626587, -8.762815475463867, -7.259724140167236, -0.5815148949623108, -1.9197872877120972, -5.88082218170166, -7.1442551612854, -8.956075668334961, -8.034099578857422, -3.4300649166107178, -3.377445697784424, -5.8286261558532715, -2.4566869735717773]",1549.014380645043,441000,18.0,Real Voices
/kaggle/working/output_dataset/Real Voices/MALE/13.wav,13.wav,"[-521.8543090820312, 89.07951354980469, 15.924975395202637, -18.227542877197266, -13.08254623413086, -1.034593939781189, 6.233253479003906, 6.763704776763916, 0.7323448061943054, -4.249349117279053, -5.286012649536133, -5.218177795410156, -3.483748435974121, -3.145289659500122, -8.140978813171387, -10.549795150756836, -5.2673726081848145, -2.4799563884735107, -5.703359127044678, -4.690579891204834]",1522.6267841985537,441000,18.0,Real Voices
/kaggle/working/output_dataset/Real Voices/MALE/1.1.5 b.g noise sample.wav,1.1.5 b.g noise sample.wav,"[-517.5087280273438, 161.17755126953125, -59.03409194946289, -84.68192291259766, -0.24178780615329742, 13.978751182556152, -8.268743515014648, 6.62883186340332, 12.232617378234863, -11.304940223693848, -12.403020858764648, 3.5356500148773193, -3.4768104553222656, -14.118011474609375, -6.688009738922119, -5.785492897033691, -14.120713233947754, -7.671014308929443, 2.3929271697998047, -2.800693988800049]",2021.31471351896,441000,18.0,Real Voices
/kaggle/working/output_dataset/Real Voices/MALE/6.1.wav,6.1.wav,"[-576.4484252929688, 49.28304672241211, 15.821349143981934, -2.2431678771972656, -3.3921079635620117, -0.5477071404457092, 0.9054055213928223, 0.4719810485839844, -0.5432250499725342, -0.038302771747112274, 0.16694672405719757, -1.419587254524231, -2.1024816036224365, -2.4892144203186035, -5.501161098480225, -7.515135288238525, -4.749197006225586, -1.732833743095398, -2.2850027084350586, -3.059445858001709]",2571.176222870804,441000,18.0,Real Voices
/kaggle/working/output_dataset/Real Voices/MALE/1.1.1 b.g noise sample.wav,1.1.1 b.g noise sample.wav,"[-389.67144775390625, 123.61046600341797, -27.69888687133789, -56.00309753417969, -3.9126036167144775, 11.824166297912598, -0.4231785833835602, 4.109385013580322, 4.837867259979248, -9.56480598449707, -10.96871566772461, -0.5529122352600098, -1.1347298622131348, -6.559249401092529, -6.585270404815674, -9.502584457397461, -11.724275588989258, -3.6702754497528076, 1.9480243921279907, -3.5268402099609375]",2091.1765426572206,441000,18.0,Real Voices
